{"cameraMode":{"drawMode":0,"name":"Shaded","section":"Shading Mode"},"sceneLighting":true,"audioPlay":false,"sceneViewState":{"showFog":true,"showMaterialUpdate":false,"showSkybox":true,"showFlares":true,"showImageEffects":true,"showParticleSystems":true},"in2DMode":false,"pivot":{"x":-1.910935640335083,"y":-1.8586750030517579,"z":1.3358144760131837},"rotation":{"x":0.03715450316667557,"y":0.9487656950950623,"z":-0.2891370356082916,"w":0.12191765755414963},"size":18.15500259399414,"orthographic":false}